"project_id","project_id","title","market_price","initiation_date","bid_openning_date","invitation_to_bid_date","bid_submission_deadline_date","cc_approval_date","approval_date","bid_evaluation_start_date","bid_evaluation_end_date","display_of_beb_notice_date","contract_award_date","procurement_method_id","contract_signature_date","procurement_reference_no","financial_year","procurement_method"
"23","79999","Design and Build of Kisoro - Rubuguri - Muko/Nteko Road Upgrading Project (72km)","508383133900","2020-01-07","2021-01-29 00:00:00","2020-03-24","2021-01-29 00:00:00","2020-03-27 00:00:00","2022-03-28","2021-04-16 00:00:00","2021-05-10","2021-02-11 00:00:00","2021-03-31 00:00:00","6","2021-03-31 00:00:00","UNRA/WORKS/2019-20/00073","2021-2022","Selective National Bidding"
"22","80002","Design and Build of Kituuma - Kapeeka - Butalangu Road Upgrading Project (37Km) and Access to Ssingo Barracks (5Km)","132319058864","2020-12-08","2021-04-15 00:00:00","2021-01-27","2021-04-15 00:00:00","2021-01-27 00:00:00","2022-03-29","2021-04-15 00:00:00","2021-05-10","2021-05-17 00:00:00","2021-06-30 00:00:00","5","2021-06-30 00:00:00","UNRA/WORKS/202-21/00083","2021-2022","Selective International Bidding (SIB)"
"6","80003","Construction of Lions Swamp Crossing along Moroto –Napak – Abim – Pader Road Under Design and Build","46489249000","2021-07-29","2022-01-28 00:00:00","2021-11-11","2022-01-28 00:00:00","2021-10-21 00:00:00","2022-03-29","2022-01-31 00:00:00","2022-02-28","2022-03-01 00:00:00","2022-04-28 00:00:00","2","2022-04-28 00:00:00","UNRA/WORKS/2021-22/00006","2021-2022","Open Domestic Bidding"
"24","80017","Civil works for Rehabilitation of Additional Masaka Town Roads (9.3Km)","53338589795","2021-08-12","2021-11-05 00:00:00","2021-10-22","2021-11-05 00:00:00","2021-10-14 00:00:00","2022-03-30","2021-11-08 00:00:00","2021-11-19","2021-11-22 00:00:00","2021-12-03 00:00:00","5","2021-12-03 00:00:00","UNRA/WRKS/2021-2022/00012","2021-2022","Selective International Bidding (SIB)"
"25","80018","Design and Build of Jinja Mbulamuti - Kamuli - Bukungu Road (127Km) and Jinja Municipal Roads (10Km)","560666181664","2021-09-27","2021-11-30 00:00:00","2021-10-11","2021-11-16 00:00:00","2021-10-07 00:00:00","2022-03-30","2021-11-30 00:00:00","2021-12-20","2021-12-22 00:00:00","2022-02-02 00:00:00","1","2022-02-02 00:00:00","UNRA/WRKS/2021-2022/00023","2021-2022","Open International Bidding(OIB)"
"26","80029","Emergency Reconstruction of Saka Swamp Crossing on the Kaliro - Pallisa National Road Network under Design and Build Scheme","76782415168","2021-09-28","2022-02-07 00:00:00","2021-12-07","2022-02-07 00:00:00","2021-11-26 00:00:00","2022-04-01","2022-02-08 00:00:00","2022-02-28","2022-03-01 00:00:00","2022-04-01 00:00:00","1","2022-04-01 00:00:00","UNRA/WRKS/2021-2022/00024","2021-2022","Open International Bidding(OIB)"
"28","80060","Civil works for the Upgrading of Tororo-Busia Road (29km) and Muyuge and Busia Town Roads (18Km)","140739369888","2021-04-09","2021-07-08 00:00:00","2021-06-02","2021-07-08 00:00:00","2021-05-28 00:00:00","2022-04-06","2021-07-09 00:00:00","2021-08-03","2021-08-18 00:00:00","2021-08-31 00:00:00","1","2021-08-31 00:00:00","UNRA/WORKS/2020-21/00128","2021-2022","Open International Bidding(OIB)"
"33","80825","Construction of Low Cost Sealing of Selected Low Volume Roads","53080000002","2021-11-18","2022-02-07 00:00:00","2022-01-10","2022-02-07 00:00:00","2022-01-06 00:00:00","2022-05-26","2022-02-21 00:00:00","2022-03-31","2022-04-11 00:00:00","2022-04-05 00:00:00","2","2022-05-06 00:00:00","MoWT/WRKS/2021-2022/00275","2021-2022","Open Domestic Bidding"
"44","80842","Construction of mini piped water scheme at Kindeke Trading centre Phase 1","150900000","2021-10-06","2021-10-29 00:00:00","2021-10-11","2021-10-29 00:00:00","2021-10-07 00:00:00","2022-05-27","2021-11-01 00:00:00","2021-11-01","2021-11-15 00:00:00","2021-11-15 00:00:00","2","2021-12-21 00:00:00","KIBO525 DLG/WRKS/2021-2022/00024","2021-2022","Open Domestic Bidding"
"5","80843","5STANCE AT KISWEKA P/S","32352250","2021-10-11","2021-10-29 00:00:00","2021-10-11","2021-10-29 00:00:00","2021-10-11 00:00:00","2022-05-27","2021-11-01 00:00:00","2021-11-01","2021-11-15 00:00:00","2021-11-15 00:00:00","6","2022-02-02 00:00:00","KIBO525 DLG/WRKS/2021-2022/00023","2021-2022","Selective National Bidding"
"45","80844","CONSTRUCTION OF TWO CLASSROOM BLOCK AT DWANIRO PEOPLE'S PRIMARY SCHOOL","84671959","2021-10-11","2021-10-29 00:00:00","2021-10-11","2021-10-29 00:00:00","2021-10-11 00:00:00","2022-05-27","2021-11-01 00:00:00","2021-11-01","2021-11-15 00:00:00","2021-11-15 00:00:00","2","2022-02-02 00:00:00","KIBO525 DLG/WRKS/2021-2022/00020","2021-2022","Open Domestic Bidding"
"53","80931","construction of staff quarters, kitchen, 2stance lined pit latrine and four unit open shower room","158294168","2022-02-02","2022-03-17 00:00:00","2022-02-14","2022-03-17 00:00:00","2022-02-10 00:00:00","2022-05-30","2022-03-17 00:00:00","2022-03-17","2022-03-18 00:00:00","2022-03-18 00:00:00","2","2022-04-04 00:00:00","KIBO525 DLG/WRKS/2021-2022/00041","2021-2022","Open Domestic Bidding"
"54","80934","CONSTRUCTION OF A 5STANCE LINED PIT LATRINE ATA KABAMBA","27783168","2022-03-21","2022-04-01 00:00:00","2022-03-21","2022-04-01 00:00:00","2022-03-21 00:00:00","2022-05-30","2022-04-01 00:00:00","2022-04-01","2022-04-04 00:00:00","2022-04-04 00:00:00","6","2022-04-14 00:00:00","KIBO525 DLG/WRKS/2021-2022/00045","2021-2022","Selective National Bidding"
"55","80950","CONSTRUCTION  AND REMODELING OF THE DISTRICT DRUG STORE","250000000","2021-10-06","2022-02-15 00:00:00","2022-01-25","2022-02-15 00:00:00","2021-12-20 00:00:00","2022-05-31","2022-02-15 00:00:00","2022-02-15","2022-02-17 00:00:00","2022-02-17 00:00:00","2","2022-03-29 00:00:00","KIBO525 DLG/WRKS/2021-2022/00039","2021-2022","Open Domestic Bidding"
"56","80953","DRILLING OF 03NO. DEEP BOREHOLES","78000000","2021-05-13","2021-06-22 00:00:00","2021-05-31","2021-06-22 00:00:00","2021-05-25 00:00:00","2022-05-31","2021-07-01 00:00:00","2021-07-01","2021-07-29 00:00:00","2021-07-29 00:00:00","2","2021-08-31 00:00:00","KIBO525 DLG/WRKS/2021-2022/00001","2021-2022","Open Domestic Bidding"
"57","80956","CONSTRUCTION OF A 5STANCE LINED PIT LATRINE AT BUKOBOOBO P/S","32352250","2021-09-07","2021-10-29 00:00:00","2021-10-11","2021-10-29 00:00:00","2021-10-07 00:00:00","2022-05-31","2021-11-01 00:00:00","2021-11-01","2021-11-16 00:00:00","2021-11-16 00:00:00","6","2022-02-02 00:00:00","KIBO525 DLG/WRKS/2021-2022/00022","2021-2022","Selective National Bidding"
"58","80969","CONSTRUCTION OF 2STANCE LINED PIT LATRINE AT MUWANGA HC111","13500000","2022-03-15","2022-04-01 00:00:00","2022-03-21","2022-04-01 00:00:00","2022-03-21 00:00:00","2022-05-31","2022-04-01 00:00:00","2022-04-01","2022-04-04 00:00:00","2022-04-04 00:00:00","13","2022-04-19 00:00:00","KIBO525 DLG/WRKS/2021-2022/00047","2021-2022","Single Source Consultants"
"59","80971","5STANCE LINED PIT LATRINE AT KYAMAKOOLA P/S","27929386","2022-01-12","2022-03-17 00:00:00","2022-03-01","2022-03-17 00:00:00","2022-03-01 00:00:00",NULL,"2022-03-17 00:00:00","2022-03-17","2022-03-17 21:00:00","2022-03-17 00:00:00","6","2022-04-13 00:00:00","KIBO525 DLG/WRKS/2021-2022/00043","2021-2022","Selective National Bidding"
"62","81034","PROTECTION OF LUTUKUMA SPRINGS AND EXTENSION OF WATER","12000000","2021-05-03","2021-09-07 00:00:00","2021-08-24","2021-09-07 00:00:00","2021-08-23 00:00:00","2022-06-02","2021-09-15 00:00:00","2021-09-15","2021-09-16 00:00:00","2021-09-16 00:00:00","6","2021-10-04 00:00:00","KIBO525 DLG/WRKS/2021-2022/00010","2021-2022","Selective National Bidding"
"63","81039","CONSTRUCTION OF KIBOGA TOWN COUNCIL ADMINISTRATION BLOCK","169596267","2021-12-14","2022-01-07 00:00:00","2021-12-17","2022-01-07 00:00:00","2021-12-16 00:00:00","2022-06-02","2022-01-11 00:00:00","2022-01-11","2022-01-20 00:00:00","2022-01-20 00:00:00","2","2022-02-07 00:00:00","KIBO525 DLG/WRKS/2021-2022/00037","2021-2022","Open Domestic Bidding"
"64","81044","REHABILITATION AND PROTECTION OF 06NO. SPRINGS","31000000","2020-11-03","2021-09-07 00:00:00","2021-08-24","2021-09-07 00:00:00","2021-11-15 00:00:00","2022-06-02","2021-12-09 00:00:00","2021-12-09","2021-12-16 00:00:00","2021-12-16 00:00:00","6","2022-01-20 00:00:00","KIBO525 DLG/WRKS/2021-2022/00011","2021-2022","Selective National Bidding"
"65","81073","5STANCE LINED PI LATRINE AT KIBOOBA P/S","27500000","2022-03-10","2022-04-28 00:00:00","2022-04-13","2022-04-28 00:00:00","2022-04-13 00:00:00","2022-06-02","2022-04-28 00:00:00","2022-04-28","2022-04-28 00:00:00","2022-04-29 00:00:00","6","2022-05-12 00:00:00","KIBO525 DLG/WRKS/2021-2022/00049","2021-2022","Selective National Bidding"
"66","81255","RENOVATION OF KAPEKE SUB COUNTY H/QS","8500000","2021-08-18","2021-10-01 00:00:00","2021-09-22","2021-10-01 00:00:00","2021-09-16 00:00:00","2022-06-06","2021-10-05 00:00:00","2021-10-05","2021-10-07 00:00:00","2021-10-07 00:00:00","6","2021-10-22 00:00:00","KIBO525 DLG/WRKS/2021-2022/00020","2021-2022","Selective National Bidding"
"67","81332","RE-PAINTING AND ELECTRICAL INSTALLATION AT  DWANIRO SUB COUNTY HEAD QUARTERS","9996960","2022-02-02","2022-03-14 00:00:00","2022-03-03","2022-03-14 00:00:00","2022-03-01 00:00:00","2022-06-07","2022-03-17 00:00:00","2022-03-17","2022-03-17 00:00:00","2022-03-23 00:00:00","4","2022-04-11 00:00:00","KIBO525 DLG/WRKS/2021-2022/00044","2021-2022","Restricted Domestic Bidding (RDB)"
"68","81361","kbkj","1345","2022-06-09","2022-06-21 00:00:00","2022-06-15","2022-06-17 00:00:00","2022-06-09 00:00:00","2022-06-08","2022-06-22 00:00:00","2022-06-23","2022-06-24 00:00:00","2022-06-27 00:00:00","2","2022-06-29 00:00:00","MOGLSD/WRKS/2020-2021/56","2020-2021","Open Domestic Bidding"
"70","81383","Procurement of a Contractor for rewiring and modernisation of Amber House Electrical System","5820000000","2022-02-17","2022-05-03 00:00:00","2022-04-14","2022-05-03 00:00:00","2022-02-17 00:00:00","2022-06-08","2022-05-03 00:00:00","2022-05-11","2022-05-26 00:00:00","2022-05-26 00:00:00","2","2022-06-20 00:00:00","MEMD/WRKS/2021-2022/0039/F&A","2021-2022","Open Domestic Bidding"
"69","81386","Construction of staff houses in Nakapiripiriti, Amudat and Moroto districts under Karamoja Regions staff project","350000000","2021-10-28","2021-12-10 00:00:00","2021-11-01","2021-12-10 00:00:00","2021-11-01 00:00:00","2022-06-08","2021-12-10 00:00:00","2022-01-19","2022-02-10 00:00:00","2022-02-10 00:00:00","2","2021-11-11 00:00:00","MOH/WRKS/2021-2022/00010","2021-2022","Open Domestic Bidding"
"71","81387","Upgrade of the power house and installation of standby generator","2000000000","2021-11-24","2022-02-02 00:00:00","2021-12-27","2022-02-02 00:00:00","2021-11-24 00:00:00","2022-06-08","2022-02-02 00:00:00","2022-02-10","2022-02-17 00:00:00","2022-02-17 00:00:00","2","2022-03-02 00:00:00","MEMD/WRKS/2021-2022/000239/F&A","2021-2022","Open Domestic Bidding"
"72","81397","Repair of Amber House Upper Courtyard","195939772","2021-11-22","2022-02-03 00:00:00","2022-01-27","2022-02-03 00:00:00","2021-12-02 00:00:00","2022-06-08","2022-02-17 00:00:00","2022-03-09","2022-02-22 00:00:00","2022-03-09 00:00:00","7","2022-03-09 00:00:00","MEMD/WRKS/2021-2022/00242","2021-2022","Request for Quotations/Proposals (RFQ/P)"
"76","81446","BOREHOLE SITTING, SURVEYING AND DRILLING SUPERVISON","9000000","2021-05-06","2021-06-22 00:00:00","2021-05-31","2021-06-22 00:00:00","2021-05-25 00:00:00","2022-06-10","2021-07-08 00:00:00","2021-07-08","2021-07-29 00:00:00","2021-07-29 00:00:00","2","2021-08-31 00:00:00","KIBO525 DLG/WRKS/2021-2022/000001","2021-2022","Open Domestic Bidding"
"77","81451","Procurement of a contractor for the repair of Amber house upper parking","265811938","2021-11-22","2022-01-25 00:00:00","2022-01-05","2022-01-19 00:00:00","2021-11-02 00:00:00","2022-06-10","2022-01-25 00:00:00","2022-02-09","2022-02-16 00:00:00","2022-02-16 00:00:00","4","2022-03-02 00:00:00","MEMD/WRKS/2021-2022/00241/F&A","2021-2022","Restricted Domestic Bidding (RDB)"
"79","81464","The Kampala Metropolitan Transmission System Improvement","3873807692","2021-07-12","2022-07-05 00:00:00","2022-04-22","2022-07-05 00:00:00","2021-10-07 00:00:00","2022-06-10","2022-07-07 00:00:00","2022-11-04","2023-02-03 00:00:00","2022-12-02 00:00:00","1","2023-02-03 00:00:00","UETCL/WRKS/2021-2022/00022/1","2021-2022","Open International Bidding(OIB)"
"32","81579","Reconstruction of five (5) Failed bridges on the National Road Network under Design and Build","62806600000","2020-08-20","2021-04-16 00:00:00","2021-01-12","2021-04-16 00:00:00","2020-12-21 00:00:00","2022-06-15","2021-03-29 00:00:00","2021-04-30","2021-05-31 00:00:00","2021-06-25 00:00:00","2","2021-06-25 00:00:00","UNRA/WORKS/2020-21/00038","2021-2022","Open Domestic Bidding"
"81","81601","Replacement of Hospital Chain Link Fence","19212812","2022-01-20","2022-04-04 00:00:00","2022-03-24","2022-04-01 00:00:00","2022-03-24 00:00:00","2022-06-16","2022-04-04 00:00:00","2022-04-06","2022-04-27 00:00:00","2022-04-27 00:00:00","7","2022-05-25 00:00:00","MOH/WRKS/21-22/00015","2021-2022","Request for Quotations/Proposals (RFQ/P)"
"82","81621","Renovation of the Ministry of Health Building -Civil Works","141171701","2021-09-14","2021-11-10 00:00:00","2021-11-01","2021-11-10 00:00:00","2021-11-01 00:00:00","2022-06-16","2021-11-10 00:00:00","2021-12-08","2022-01-07 00:00:00","2022-01-07 00:00:00","7","2022-02-08 00:00:00","MOH/WRKS/21-22/00005","2021-2022","Request for Quotations/Proposals (RFQ/P)"
"40","81825","Building Maintenance works at UNRA Headquaters, Kyambogo Offices, Namugongo Stores and Ntinda","1870351153","2021-11-10","2022-05-19 00:00:00","2022-04-14","2022-05-19 00:00:00","2022-03-18 00:00:00","2022-06-22","2022-05-20 00:00:00","2022-06-04","2022-07-26 00:00:00","2022-08-10 00:00:00","2","2022-08-10 00:00:00","UNRA/WRKS/2021-2022/00080","2021-2022","Open Domestic Bidding"
"34","81918","Civil works for the Periodic Mainatenance of Kampala Northern Bypass Phase 1 (21 Km)","56349056544","2021-10-07","2022-05-06 00:00:00","2022-02-03","2022-05-06 00:00:00","2022-01-14 00:00:00","2022-06-27","2022-05-09 00:00:00","2022-06-06","2022-06-09 00:00:00","2022-08-10 00:00:00","2","2022-08-10 00:00:00","UNRA/WORKS/2020-21/00048","2021-2022","Open Domestic Bidding"
"87","82018","Agwata Water resource project","180000000","2022-06-02","2022-06-17 00:00:00","2022-06-07","2022-06-10 00:00:00","2022-06-03 00:00:00","2022-06-29","2022-06-18 00:00:00","2022-06-19","2022-06-21 00:00:00","2022-06-22 00:00:00","2","2022-06-23 00:00:00","MAAIF/WRKS/2021-2022/345","2021-2022","Open Domestic Bidding"
"90","82031","Construction of Maruzi Access roads","480000000","2021-11-09","2021-12-03 00:00:00","2021-11-15","2021-12-03 00:00:00","2021-11-09 00:00:00","2022-06-29","2021-12-03 00:00:00","2021-12-06","2021-12-08 00:00:00","2021-12-08 00:00:00","4","2021-12-21 00:00:00","NARO/WRKS/2021-2022/00054","2021-2022","Restricted Domestic Bidding (RDB)"
"91","82037","Agriculture Cluster Development Project - ACDP","25949714348","2021-10-05","2021-12-09 00:00:00","2021-11-11","2021-12-09 00:00:00","2021-11-08 00:00:00","2022-06-29","2021-12-09 00:00:00","2022-01-28","2022-04-11 00:00:00","2022-05-22 00:00:00","2","2022-06-27 00:00:00","MAAIF/WRKS/2021-2022/00040","2021-2022","Open Domestic Bidding"
"94","82044","Construction of a staff residential block at Maruzi","640000000","2021-11-09","2021-12-15 00:00:00","2021-11-16","2021-12-15 00:00:00","2021-11-09 00:00:00","2022-06-29","2021-12-15 00:00:00","2022-01-17","2022-01-27 00:00:00","2022-01-27 00:00:00","2","2022-03-29 00:00:00","NARO/WRKS/2021-2022/00040","2021-2022","Open Domestic Bidding"
"95","82116","Renovation of Hostel, Laboratory and Office Blocks at ABi Zardi","450000000","2021-10-01","2020-06-25 00:00:00","2020-06-23","2020-06-25 00:00:00","2021-10-01 00:00:00","2022-07-01","2020-06-25 00:00:00","2022-07-25","2020-08-03 00:00:00","2020-08-03 00:00:00","4","2021-11-10 00:00:00","NARO/WRKS/2021-2022/00250","2021-2022","Restricted Domestic Bidding (RDB)"
"96","82323","Remedial Works on Ntungamo - Kabale - Katuna","71074406240","2021-03-26","2021-09-07 00:00:00","2021-08-17","2021-09-07 00:00:00","2021-08-06 00:00:00","2022-07-06","2021-09-09 00:00:00","2021-09-30","2021-10-20 00:00:00","2021-12-01 00:00:00","3","2021-12-01 00:00:00","UNRA/WORKS/2020-21/00134","2021-2022","Restricted International Bidding (RIB)"
"103","82403","PROJECT TEST","20000000000","2022-07-07","2022-07-30 00:00:00","2022-07-19","2022-07-29 00:00:00","2022-07-12 00:00:00","2022-07-08","2022-08-04 00:00:00","2022-10-17","2022-10-18 00:00:00","2022-10-20 00:00:00","2","2022-10-22 00:00:00","NSSF/WRKS/2021-2022/888","2021-2022","Open Domestic Bidding"
"110","82470","Remodeling of University Hospital","370000000","2021-11-29","2022-03-02 00:00:00","2022-02-16","2022-03-02 00:00:00","2022-01-19 00:00:00","2022-07-12","2022-03-02 00:00:00","2022-03-02","2022-03-18 00:00:00","2022-03-18 00:00:00","4","2022-06-17 00:00:00","MAK/WRKS/2021-2022/00476","2021-2022","Restricted Domestic Bidding (RDB)"
"111","82532","Construction of the Kamdini High-Speed Weigh-in -motion lanes station and parking yard","11806042129","2021-10-27","2022-07-14 00:00:00","2022-06-07","2022-07-14 00:00:00","2022-05-27 00:00:00","2022-07-14","2022-07-15 00:00:00","2022-08-08","2022-08-09 00:00:00","2022-09-01 00:00:00","2","2022-09-01 00:00:00","UNRA/WRKS/2021-2022/00050","2021-2022","Open Domestic Bidding"
"106","82960","Construction of NSSF Warehouse","170000000","2022-04-04","2022-04-29 00:00:00","2022-04-14","2022-04-29 00:00:00","2022-04-13 00:00:00","2022-08-09","2022-05-02 00:00:00","2022-05-16","2022-05-19 00:00:00","2022-06-07 00:00:00","7","2022-06-07 00:00:00","NSSF/WRKS/2021-2022/00046","2021-2022","Request for Quotations/Proposals (RFQ/P)"
"4","83024","Upgrade of masts","75000000","2022-05-10","2022-05-16 00:00:00","2022-05-11","2022-05-16 00:00:00","2022-05-11 00:00:00","2022-08-16","2022-05-17 00:00:00","2022-05-19","2022-05-23 00:00:00","2022-05-23 00:00:00","7","2022-06-02 00:00:00","UCC/WRKS/21-22/00010","2021-2022","Request for Quotations/Proposals (RFQ/P)"
"112","83644","Routine Mechanized Maintenance of Selected Paved Roads","73392474614","2020-09-29","2021-03-12 00:00:00","2021-02-04","2021-03-12 00:00:00","2021-01-20 00:00:00","2022-10-21","2021-03-15 00:00:00","2021-04-16","2021-04-16 00:00:00","2021-05-19 00:00:00","2","2021-05-20 00:00:00","UNRA/WORKS/2020-21/00062","2022-2023","Open Domestic Bidding"
"113","83747","Upgrading of Luwero - Butalangu Road (30Km) from gravel to paved (Bituminous) Standard.","95544023162","2022-03-21","2022-08-11 00:00:00","2022-06-04","2022-08-11 00:00:00","2022-04-29 00:00:00","2022-11-03","2022-08-11 00:00:00","2022-08-31","2022-10-19 00:00:00","2022-11-30 00:00:00","1","2022-11-30 00:00:00","UNRA/WORKS/2021-22/00100","2022-2023","Open International Bidding(OIB)"
"114","83749","Periodic maintenance of Kibuye - Entebbe Road (22km)","37958891168","2018-11-19","2019-05-07 00:00:00","2019-04-04","2019-05-07 00:00:00","2018-11-30 00:00:00","2022-11-04","2019-05-08 00:00:00","2019-05-21","2019-06-06 00:00:00","2019-06-30 00:00:00","2","2019-06-30 00:00:00","UNRA/WORKS/2018-19/00096","2022-2023","Open Domestic Bidding"
"115","83837","Construction of High Speed weigh in motion lanes, Station and Parking yard for Kamdini weigh station","11806042129","2021-10-27","2022-07-05 00:00:00","2022-06-07","2022-07-05 00:00:00","2022-05-27 00:00:00","2022-11-14","2022-07-06 00:00:00","2022-07-29","2022-08-15 00:00:00","2022-11-16 00:00:00","2","2022-11-24 00:00:00","UNRA/WORKS/2021-22/00050","2022-2023","Open Domestic Bidding"
"4","83860","Upgrade of masts","114000000","2022-06-29","2022-07-15 00:00:00","2022-07-11","2022-07-15 00:00:00","2022-07-11 00:00:00","2022-11-15","2022-07-18 00:00:00","2022-07-22","2022-07-29 00:00:00","2022-07-29 00:00:00","7","2022-08-05 00:00:00","UCC/WRKS/21-22/00014","2022-2023","Request for Quotations/Proposals (RFQ/P)"
"128","83864","Building Maintenance works under framework contract for three years.","1870351153","2021-11-10","2022-05-19 00:00:00","2022-04-14","2022-05-19 00:00:00","2022-03-18 00:00:00","2022-11-16","2022-05-20 00:00:00","2022-06-06","2022-07-26 00:00:00","2022-11-16 00:00:00","2","2022-11-16 00:00:00","UNRA/WORKS/2021-22/00080","2022-2023","Open Domestic Bidding"
"129","83865","Mechanized Maintenance of Unpaved Roads under framework contract Phase 3","503532615248","2020-12-16","2021-04-27 00:00:00","2021-03-23","2021-04-27 00:00:00","2021-02-26 00:00:00","2022-11-16","2021-05-03 00:00:00","2021-05-19","2021-06-03 00:00:00","2021-06-25 00:00:00","2","2021-06-25 00:00:00","UNRA/WORKS/2020-21/00088/01-26","2022-2023","Open Domestic Bidding"
"4","84032","Upgrade of masts","19470000","2022-06-22","2022-07-05 00:00:00","2022-07-01","2022-07-05 00:00:00","2022-07-01 00:00:00","2022-12-01","2022-07-06 00:00:00","2022-07-08","2022-07-15 00:00:00","2022-07-15 00:00:00","7","2022-07-29 00:00:00","UCC/WRKS/21-22/00013","2022-2023","Request for Quotations/Proposals (RFQ/P)"
"131","84106","Renovation Works to the Main Administration Block at Isingiro District","199000000","2022-12-06","2023-01-03 00:00:00","2022-12-12","2023-01-03 00:00:00","2022-12-08 00:00:00","2022-12-15","2023-01-09 00:00:00","2023-01-23","2023-02-06 00:00:00","2023-02-22 00:00:00","2","2023-03-01 00:00:00","ISIN837/WRKS/2022/2023/00018","2022-2023","Open Domestic Bidding"
"132","84107","Construction of Office Block for Rugaaga T/C phase I","60000000","2022-12-05","2023-01-03 00:00:00","2022-12-12","2023-01-03 00:00:00","2022-12-08 00:00:00","2022-12-15","2023-01-09 00:00:00","2023-01-23","2023-02-06 00:00:00","2023-02-22 00:00:00","2","2023-03-01 00:00:00","ISIN837/WRKS/2022/2023/00019","2022-2023","Open Domestic Bidding"
"133","84108","Construction of Gates at Kaberebere T/C weekly market","30000000","2022-12-01","2023-01-03 00:00:00","2022-12-12","2023-01-03 00:00:00","2022-12-08 00:00:00","2022-12-15","2023-01-09 00:00:00","2023-01-23","2023-02-06 00:00:00","2023-02-22 00:00:00","2","2023-03-01 00:00:00","ISIN837/WRKS/2022/2023/00017","2022-2023","Open Domestic Bidding"
"134","84109","Construction of 2 -stance pit latrine attached with urinal & curtain wall at Kamubeizi T/C headquarters in Kamubeizi T/C and 3 -stance Pit latrine at Kanywamaizi HCIII in Kabuyanda S/C.","30000000","2022-07-27","2023-01-03 00:00:00","2022-12-12","2023-01-03 00:00:00","2022-12-08 00:00:00","2022-12-15","2023-01-09 00:00:00","2023-01-23","2023-02-06 00:00:00","2023-02-22 00:00:00","2","2023-03-01 00:00:00","ISIN837/WRKS/2022/2023/00010","2022-2023","Open Domestic Bidding"
"135","84110","Construction of 3 -stance Pit latrine at Kabuyanda weekly market and 5 stance VIP latrine at Kisyoro P/S in Kabuyanda T/C.","40000000","2022-07-27","2023-01-03 00:00:00","2022-12-12","2023-01-03 00:00:00","2022-12-08 00:00:00","2022-12-15","2023-01-09 00:00:00","2023-01-23","2023-02-06 00:00:00","2023-02-22 00:00:00","2","2023-03-01 00:00:00","ISIN837/WRKS/2022/2023/00011","2022-2023","Open Domestic Bidding"
"34","84666","Civil works for the Periodic Mainatenance of Kampala Northern Bypass Phase 1 (21 Km)","56349056544","2021-10-07","2022-05-06 00:00:00","2022-02-03","2022-04-22 00:00:00","2022-01-14 00:00:00","2023-01-31","2022-05-09 00:00:00","2022-05-31","2022-06-01 00:00:00","2022-06-22 00:00:00","2","2022-06-22 00:00:00","UNRA/WORKS/2021-22/00048","2022-2023","Open Domestic Bidding"
"140","85042","Civil works for the Upgrading of Selected Town Roads (20.2Km) in Mbarara Municipality from Gravel to Paved (Bituminous) Standard.","67383004255","2018-08-13","2019-03-15 00:00:00","2019-03-01","2019-03-15 00:00:00","2018-12-13 00:00:00","2023-02-22","2019-03-18 00:00:00","2019-04-01","2019-04-02 00:00:00","2019-04-08 00:00:00","1","2019-04-08 00:00:00","UNRA/WORKS/2018-19/00033","2022-2023","Open International Bidding(OIB)"
"7",NULL,"Drilling of two production wells at Kitongo and Maanyi rural growth centres",NULL,NULL,NULL,NULL,NULL,NULL,NULL,NULL,NULL,NULL,NULL,NULL,NULL,NULL,NULL,NULL
"8",NULL,"Fencing of Ssekanyonyi Health Centre IV.",NULL,NULL,NULL,NULL,NULL,NULL,NULL,NULL,NULL,NULL,NULL,NULL,NULL,NULL,NULL,NULL
"9",NULL,"Construction of staff house at Namungo Health Centre III",NULL,NULL,NULL,NULL,NULL,NULL,NULL,NULL,NULL,NULL,NULL,NULL,NULL,NULL,NULL,NULL
"10",NULL,"Completion of a two classroom block at Namutidde primary school",NULL,NULL,NULL,NULL,NULL,NULL,NULL,NULL,NULL,NULL,NULL,NULL,NULL,NULL,NULL,NULL
"11",NULL,"Fencing of Namungo Health Centre",NULL,NULL,NULL,NULL,NULL,NULL,NULL,NULL,NULL,NULL,NULL,NULL,NULL,NULL,NULL,NULL
"12",NULL,"Fencing of a Nursery bed at Kikandwa and re-roofing of Kikandwa Health III",NULL,NULL,NULL,NULL,NULL,NULL,NULL,NULL,NULL,NULL,NULL,NULL,NULL,NULL,NULL,NULL
"13",NULL,"Construction of a 3-stance latrine at Kalangaalo public market",NULL,NULL,NULL,NULL,NULL,NULL,NULL,NULL,NULL,NULL,NULL,NULL,NULL,NULL,NULL,NULL
"14",NULL,"Completion  works at Busunju Health Centre III",NULL,NULL,NULL,NULL,NULL,NULL,NULL,NULL,NULL,NULL,NULL,NULL,NULL,NULL,NULL,NULL
"15",NULL,"construction of Namungo piped water system",NULL,NULL,NULL,NULL,NULL,NULL,NULL,NULL,NULL,NULL,NULL,NULL,NULL,NULL,NULL,NULL
"16",NULL,"Renovation of a  classroom block at Kitebere P/S",NULL,NULL,NULL,NULL,NULL,NULL,NULL,NULL,NULL,NULL,NULL,NULL,NULL,NULL,NULL,NULL
"17",NULL,"Renovation of a classroom block at Kiggwa P/S",NULL,NULL,NULL,NULL,NULL,NULL,NULL,NULL,NULL,NULL,NULL,NULL,NULL,NULL,NULL,NULL
"18",NULL,"Renovation of doctor's house A at Mityana hospital",NULL,NULL,NULL,NULL,NULL,NULL,NULL,NULL,NULL,NULL,NULL,NULL,NULL,NULL,NULL,NULL
"19",NULL,"Renovation  works for schools in Namungo sub county",NULL,NULL,NULL,NULL,NULL,NULL,NULL,NULL,NULL,NULL,NULL,NULL,NULL,NULL,NULL,NULL
"20",NULL,"Renovation of primary schools in Kikandwa sub county",NULL,NULL,NULL,NULL,NULL,NULL,NULL,NULL,NULL,NULL,NULL,NULL,NULL,NULL,NULL,NULL
"21",NULL,"Renovation of primary schools in Bbanda and Maanyi sub counties",NULL,NULL,NULL,NULL,NULL,NULL,NULL,NULL,NULL,NULL,NULL,NULL,NULL,NULL,NULL,NULL
"27",NULL,"Civil Works for the Upgrading of the Nabumali-Butaleja-Namutumba Road (72.0km) from gravel to paved (Bituminous) Standard",NULL,NULL,NULL,NULL,NULL,NULL,NULL,NULL,NULL,NULL,NULL,NULL,NULL,NULL,NULL,NULL
"29",NULL,"Design and Build of Package 6A upgrading of Kabwoya - Buhuka Road (43km)",NULL,NULL,NULL,NULL,NULL,NULL,NULL,NULL,NULL,NULL,NULL,NULL,NULL,NULL,NULL,NULL
"30",NULL,"Construction of a 5-Stance VIP latrine at Muyebe PS",NULL,NULL,NULL,NULL,NULL,NULL,NULL,NULL,NULL,NULL,NULL,NULL,NULL,NULL,NULL,NULL
"31",NULL,"Consultancy Services for Design and Supervision of Construction of the Proposed Border Facilities at Mpondwe and Bunagana Border Post",NULL,NULL,NULL,NULL,NULL,NULL,NULL,NULL,NULL,NULL,NULL,NULL,NULL,NULL,NULL,NULL
"35",NULL,"Emergency Reconstruction of Saka Swamp Crossing on the Kaliro - Pallisa National Road Network under Design and Build Scheme",NULL,NULL,NULL,NULL,NULL,NULL,NULL,NULL,NULL,NULL,NULL,NULL,NULL,NULL,NULL,NULL
"36",NULL,"Civil works for the Refurbishment of the Post-Cras Care Centre Theatre Block at Kaproron Health Centre IV",NULL,NULL,NULL,NULL,NULL,NULL,NULL,NULL,NULL,NULL,NULL,NULL,NULL,NULL,NULL,NULL
"37",NULL,"Design and Build  of Package 6B (Upgrading of Karugutu - Ntoroko Road (56.5Km), Link to Rwebisengo (8.2km) and 3.3km of Town Roads in Ntoroko",NULL,NULL,NULL,NULL,NULL,NULL,NULL,NULL,NULL,NULL,NULL,NULL,NULL,NULL,NULL,NULL
"38",NULL,"Civil works for the Upgrading of the Luku - Kalangala - Mulabana Road (65.3km), 7No. Town Roads (10.67km) from gravel to paved (bituminous) standard and  2No. Ferry Landing Sites",NULL,NULL,NULL,NULL,NULL,NULL,NULL,NULL,NULL,NULL,NULL,NULL,NULL,NULL,NULL,NULL
"39",NULL,"Design and Build of Iganga - Bulopa - Kamuli Road (56.3km)",NULL,NULL,NULL,NULL,NULL,NULL,NULL,NULL,NULL,NULL,NULL,NULL,NULL,NULL,NULL,NULL
"41",NULL,"Civil works for the Upgrading of Selected Access roads in Rushere Town (3km) and Kyamate Access Roads (2.6Km) to Bitumen Paved standard",NULL,NULL,NULL,NULL,NULL,NULL,NULL,NULL,NULL,NULL,NULL,NULL,NULL,NULL,NULL,NULL
"42",NULL,"Completion of Building works at Plot 783 Block 216 Buye Ntinda along Kampala - Northern Bypass",NULL,NULL,NULL,NULL,NULL,NULL,NULL,NULL,NULL,NULL,NULL,NULL,NULL,NULL,NULL,NULL
"43",NULL,"Civil Works for the Rehabilitation of Karuma-Olwiyo Road (43.5KM",NULL,NULL,NULL,NULL,NULL,NULL,NULL,NULL,NULL,NULL,NULL,NULL,NULL,NULL,NULL,NULL
"46",NULL,"Rehabilitation of Community Access Roads in Various Districts",NULL,NULL,NULL,NULL,NULL,NULL,NULL,NULL,NULL,NULL,NULL,NULL,NULL,NULL,NULL,NULL
"47",NULL,"Rehabilitation of Community Access Roads in Various Districts : (Bududa - Rwampara)",NULL,NULL,NULL,NULL,NULL,NULL,NULL,NULL,NULL,NULL,NULL,NULL,NULL,NULL,NULL,NULL
"48",NULL,"Construction  Works for Upgrading / Rehabilitation of Kiwologoma- Kitukutwe- Kijabijjo Road 4.5km - Kira Municipality",NULL,NULL,NULL,NULL,NULL,NULL,NULL,NULL,NULL,NULL,NULL,NULL,NULL,NULL,NULL,NULL
"49",NULL,"Construction Works for Upgrading/Rehabilitation of Jinja Industrial City Roads - 57Km Phase 1 of 18Km  in Jinja Municipality",NULL,NULL,NULL,NULL,NULL,NULL,NULL,NULL,NULL,NULL,NULL,NULL,NULL,NULL,NULL,NULL
"50",NULL,"Construction of Karujumba Bridge in Kasese District and Bugibuni - Bunadasa Bridge in Sironko District",NULL,NULL,NULL,NULL,NULL,NULL,NULL,NULL,NULL,NULL,NULL,NULL,NULL,NULL,NULL,NULL
"51",NULL,"Construction Works for upgrading shimoni Road and Nsansa -Namugongo Roads 6.5km  Phase 1 of 2.5km",NULL,NULL,NULL,NULL,NULL,NULL,NULL,NULL,NULL,NULL,NULL,NULL,NULL,NULL,NULL,NULL
"52",NULL,"The Construction of the One Stop Centre Building - Uganda Railway Corporation",NULL,NULL,NULL,NULL,NULL,NULL,NULL,NULL,NULL,NULL,NULL,NULL,NULL,NULL,NULL,NULL
"60",NULL,"KINDEKE PIPED WATER SCHEME PHASE 1",NULL,NULL,NULL,NULL,NULL,NULL,NULL,NULL,NULL,NULL,NULL,NULL,NULL,NULL,NULL,NULL
"61",NULL,"PROTECTION OF LUTUKUMA SPRINGS  AND EXTENSION OF WATER",NULL,NULL,NULL,NULL,NULL,NULL,NULL,NULL,NULL,NULL,NULL,NULL,NULL,NULL,NULL,NULL
"73",NULL,"Completion of Refurbishing and Equipping of Busolwe General Hospital",NULL,NULL,NULL,NULL,NULL,NULL,NULL,NULL,NULL,NULL,NULL,NULL,NULL,NULL,NULL,NULL
"74",NULL,"XRD PRE-INSTALLATION REQUIREMENTS FOR THE DIRECTORATE OF GEOLOGICAL SURVEY AND MINES LABORATORIES IN ENTEBBE",NULL,NULL,NULL,NULL,NULL,NULL,NULL,NULL,NULL,NULL,NULL,NULL,NULL,NULL,NULL,NULL
"75",NULL,"132kV Mirama-Kabale Transmission Line and Distribution Project",NULL,NULL,NULL,NULL,NULL,NULL,NULL,NULL,NULL,NULL,NULL,NULL,NULL,NULL,NULL,NULL
"78",NULL,"400KV MASKA WEST –MBARARA SOUTH DOUBLE CIRCUIT TRANSMISSION LINE",NULL,NULL,NULL,NULL,NULL,NULL,NULL,NULL,NULL,NULL,NULL,NULL,NULL,NULL,NULL,NULL
"80",NULL,"Renovation of the Ministry of Health Building-Mechanical Installation",NULL,NULL,NULL,NULL,NULL,NULL,NULL,NULL,NULL,NULL,NULL,NULL,NULL,NULL,NULL,NULL
"83",NULL,"Civil works for the Upgrading of Town Roads (15.15Km) in Masindi Municipality and Kigumba Town Council under Kigumba - Bulima Road (69Km) Project",NULL,NULL,NULL,NULL,NULL,NULL,NULL,NULL,NULL,NULL,NULL,NULL,NULL,NULL,NULL,NULL
"84",NULL,"Design and Build of Kotido - Kaabong Road (69.2km)",NULL,NULL,NULL,NULL,NULL,NULL,NULL,NULL,NULL,NULL,NULL,NULL,NULL,NULL,NULL,NULL
"85",NULL,"Civil works for the Upgrading of the Ishasha - Katunguru Road (88Km) form Gravel to Paved (Bituminous) Standard",NULL,NULL,NULL,NULL,NULL,NULL,NULL,NULL,NULL,NULL,NULL,NULL,NULL,NULL,NULL,NULL
"86",NULL,"Extra works on the Multi purpose Laboratory at NACORI",NULL,NULL,NULL,NULL,NULL,NULL,NULL,NULL,NULL,NULL,NULL,NULL,NULL,NULL,NULL,NULL
"88",NULL,"Construction/extension of of the powerline and reticulation to the Maruzi Farm",NULL,NULL,NULL,NULL,NULL,NULL,NULL,NULL,NULL,NULL,NULL,NULL,NULL,NULL,NULL,NULL
"89",NULL,"Construction of a heifer barn at NaLIRRI",NULL,NULL,NULL,NULL,NULL,NULL,NULL,NULL,NULL,NULL,NULL,NULL,NULL,NULL,NULL,NULL
"92",NULL,"Water extension at Maruzi",NULL,NULL,NULL,NULL,NULL,NULL,NULL,NULL,NULL,NULL,NULL,NULL,NULL,NULL,NULL,NULL
"93",NULL,"Renovation and remodelling of Bugusege guest house into staff residential house",NULL,NULL,NULL,NULL,NULL,NULL,NULL,NULL,NULL,NULL,NULL,NULL,NULL,NULL,NULL,NULL
"99",NULL,"Package 2: Construction works for a Treated Water Transmission Pipeline from Karuma to Gulu",NULL,NULL,NULL,NULL,NULL,NULL,NULL,NULL,NULL,NULL,NULL,NULL,NULL,NULL,NULL,NULL
"98",NULL,"Construction works for Lyantonde water Supply Project",NULL,NULL,NULL,NULL,NULL,NULL,NULL,NULL,NULL,NULL,NULL,NULL,NULL,NULL,NULL,NULL
"100",NULL,"Construction Works for South Western Cluster – Development of Water and Sanitation Infrastructure for the Mbarara Masaka Areas Package 3: Masaka.",NULL,NULL,NULL,NULL,NULL,NULL,NULL,NULL,NULL,NULL,NULL,NULL,NULL,NULL,NULL,NULL
"101",NULL,"South Western Cluster Towns project - Package 2 - Construction of Mbarara water and sanitation infrastructure",NULL,NULL,NULL,NULL,NULL,NULL,NULL,NULL,NULL,NULL,NULL,NULL,NULL,NULL,NULL,NULL
"102",NULL,"Kampala Water - Lake Victoria Water and Sanitation Project- Package 2b Rehabilitation, Restructuring, Rezoning and the Extension of Greater Kampala Metropolitan Water Supply Network – Phase 1 - Construction of Primary Network",NULL,NULL,NULL,NULL,NULL,NULL,NULL,NULL,NULL,NULL,NULL,NULL,NULL,NULL,NULL,NULL
"104",NULL,"Temangalo Housing Project",NULL,NULL,NULL,NULL,NULL,NULL,NULL,NULL,NULL,NULL,NULL,NULL,NULL,NULL,NULL,NULL
"105",NULL,"Lubowa Housing Project - Phase 1",NULL,NULL,NULL,NULL,NULL,NULL,NULL,NULL,NULL,NULL,NULL,NULL,NULL,NULL,NULL,NULL
"107",NULL,"Pension Administrative System",NULL,NULL,NULL,NULL,NULL,NULL,NULL,NULL,NULL,NULL,NULL,NULL,NULL,NULL,NULL,NULL
"108",NULL,"Construction of Pension Towers Phase 2",NULL,NULL,NULL,NULL,NULL,NULL,NULL,NULL,NULL,NULL,NULL,NULL,NULL,NULL,NULL,NULL
"116",NULL,"Construction of a hollow steel section roof for the National Livestock Quarantine and Evaluation Centre-Western",NULL,NULL,NULL,NULL,NULL,NULL,NULL,NULL,NULL,NULL,NULL,NULL,NULL,NULL,NULL,NULL
"117",NULL,"Construction of a biodigester plant system at National Livestock Quarantine and Evaluation Centre-Western",NULL,NULL,NULL,NULL,NULL,NULL,NULL,NULL,NULL,NULL,NULL,NULL,NULL,NULL,NULL,NULL
"118",NULL,"Construction of a flush toilet facility, renovation of nitrogyen plant, a cattle dip structure and car parking shed at bullstud",NULL,NULL,NULL,NULL,NULL,NULL,NULL,NULL,NULL,NULL,NULL,NULL,NULL,NULL,NULL,NULL
"119",NULL,"Construction of a biodigester plant system at National Livestock Quarantine and Evaluation Centre-Eastern",NULL,NULL,NULL,NULL,NULL,NULL,NULL,NULL,NULL,NULL,NULL,NULL,NULL,NULL,NULL,NULL
"120",NULL,"Additional work for th biodigester plant and construction of a waterborne toilet unit at National Livestock Quarantine and evaluation centre-Eastern",NULL,NULL,NULL,NULL,NULL,NULL,NULL,NULL,NULL,NULL,NULL,NULL,NULL,NULL,NULL,NULL
"121",NULL,"Construction of a high performance diary cattle shed",NULL,NULL,NULL,NULL,NULL,NULL,NULL,NULL,NULL,NULL,NULL,NULL,NULL,NULL,NULL,NULL
"122",NULL,"Additional works on a biodigester plant system and construction of a waterborne toilet unit at National Livestock Quarantine and Evaluation Centre-Western",NULL,NULL,NULL,NULL,NULL,NULL,NULL,NULL,NULL,NULL,NULL,NULL,NULL,NULL,NULL,NULL
"123",NULL,"Additional concrete, steel and water works for the National LivestockQuarantine and Evaluation Centre-Western",NULL,NULL,NULL,NULL,NULL,NULL,NULL,NULL,NULL,NULL,NULL,NULL,NULL,NULL,NULL,NULL
"124",NULL,"Construction of two spray races",NULL,NULL,NULL,NULL,NULL,NULL,NULL,NULL,NULL,NULL,NULL,NULL,NULL,NULL,NULL,NULL
"125",NULL,"Additional works on a biodigester plant system and construction of a waterborne toilet unit at National Livestock Quarantine and Evaluation Centre-Western",NULL,NULL,NULL,NULL,NULL,NULL,NULL,NULL,NULL,NULL,NULL,NULL,NULL,NULL,NULL,NULL
"126",NULL,"Additional concrete, steel and water works for the National LivestockQuarantine and Evaluation Centre-Western",NULL,NULL,NULL,NULL,NULL,NULL,NULL,NULL,NULL,NULL,NULL,NULL,NULL,NULL,NULL,NULL
"127",NULL,"Construction of two spray races",NULL,NULL,NULL,NULL,NULL,NULL,NULL,NULL,NULL,NULL,NULL,NULL,NULL,NULL,NULL,NULL
"130",NULL,"Construction of 3-classroom block, a 5-stance latrine block (Boys) and supply of fifty-four (54) 3-seater desks & 3 sets of Teachers furniture at Kihanda Primary School in Isingiro District.",NULL,NULL,NULL,NULL,NULL,NULL,NULL,NULL,NULL,NULL,NULL,NULL,NULL,NULL,NULL,NULL
"136",NULL,"Upgrading of Lusalira-Nkonge-Lumegere-Ssembabule Road Project (97Km)",NULL,NULL,NULL,NULL,NULL,NULL,NULL,NULL,NULL,NULL,NULL,NULL,NULL,NULL,NULL,NULL
"137",NULL,"Civil Works for the Upgrading of Selected Town Roads in Pallisa (7.5Km) and Kumi (12.2Km) from Gravel to paved (Bituminous) Standard.",NULL,NULL,NULL,NULL,NULL,NULL,NULL,NULL,NULL,NULL,NULL,NULL,NULL,NULL,NULL,NULL
"138",NULL,"Additional Works for Full Depth Replacement of Concrete Deck on the Main Bridge and on Ishasha Road Approach Deck of Kazinga Channel Bridge on Kasese-Katunguru-Ishasha Road",NULL,NULL,NULL,NULL,NULL,NULL,NULL,NULL,NULL,NULL,NULL,NULL,NULL,NULL,NULL,NULL
"139",NULL,"Additional Scope of Works required on Kapchorwa-Suam Project.",NULL,NULL,NULL,NULL,NULL,NULL,NULL,NULL,NULL,NULL,NULL,NULL,NULL,NULL,NULL,NULL
